url,label
https://www.google.com,0
https://www.facebook.com,0
https://www.amazon.com,0
https://www.github.com,0
https://www.microsoft.com,0
https://www.apple.com,0
https://www.twitter.com,0
https://www.linkedin.com,0
https://www.youtube.com,0
https://www.wikipedia.org,0
https://www.reddit.com,0
https://www.netflix.com,0
https://www.stackoverflow.com,0
https://www.python.org,0
https://www.mozilla.org,0
https://www.dropbox.com,0
https://www.adobe.com,0
https://www.spotify.com,0
https://www.paypal.com,0
https://www.ebay.com,0
https://www.instagram.com,0
https://www.whatsapp.com,0
https://www.zoom.us,0
https://www.slack.com,0
https://www.notion.so,0
https://www.figma.com,0
https://www.canva.com,0
https://www.shopify.com,0
https://www.wordpress.com,0
https://www.cloudflare.com,0
https://www.digitalocean.com,0
https://www.heroku.com,0
https://www.vercel.com,0
https://www.netlify.com,0
https://www.twitch.tv,0
https://www.discord.com,0
https://www.medium.com,0
https://www.quora.com,0
https://www.pinterest.com,0
https://www.tumblr.com,0
https://www.bbc.com,0
https://www.cnn.com,0
https://www.nytimes.com,0
https://www.reuters.com,0
https://www.bloomberg.com,0
https://www.forbes.com,0
https://www.techcrunch.com,0
https://www.wired.com,0
https://www.theverge.com,0
https://www.arstechnica.com,0
http://secure-login.paypal.com.phishing-site.tk/login,1
http://www.amazon-security-alert.com/verify-account,1
http://192.168.1.1/paypal/login.php,1
http://appleid.apple.com.verify-account.xyz/login,1
http://secure.bankofamerica.com.phishing.ru/signin,1
http://update-your-info.facebook.com.malicious.tk,1
http://login-verify.microsoft.com.suspicious.co/auth,1
http://www.paypa1.com/secure/login,1
http://account-suspended.netflix.com.fake.site/verify,1
http://ebay-secure-login.com/account/verify?user=victim,1
http://amazon-prize.win/claim-now?ref=email,1
http://google-security-alert.com/verify-identity,1
http://your-package-tracking.com/dhl-delivery?id=xyz,1
http://account.paypal-secure.tk/login?redirect=wallet,1
http://microsoft-support-alert.info/call-now,1
http://secure-update.banklogin.net/chase/login,1
http://verify-now.amazon-deals.ru/account,1
http://facebook-login-secure.com.tr/signin,1
http://apple-id-locked.com/unlock-account,1
http://instagram-verify.suspicious-domain.tk/login,1
http://free-gift-card.win/amazon-voucher?email=test,1
http://covid-relief-fund.xyz/claim-payment?ssn=,1
http://bit.ly/3xph1sh1ng-link-here,1
http://tinyurl.com/phish-capture-data,1
http://login.secure-portal.accountverify.info,1
http://www.chase-secure-alert.com/signin,1
http://wells-fargo-security-verify.com/login,1
http://hsbc-secure-login.phishing.net/auth,1
http://citibank-alert.verify-account.info/login,1
http://steam-free-items.ru/login?ref=gift,1
http://roblox-free-robux.xyz/claim,1
http://discord-nitro-free.suspicious.tk/redeem,1
http://netflix-free-trial.win/signup?cc=required,1
http://update-billing.hulu-account.tk/payment,1
http://amazon-verify-account.login-secure.info,1
http://support-alert.apple-id.suspicious.com/verify,1
http://secure.google.account-verify.ru/signin,1
http://linkedin-verify-identity.phishing.co/login,1
http://twitter-suspended-account.xyz/appeal,1
http://whatsapp-update.malicious.tk/download,1
http://fedex-delivery-failed.com/reschedule?id=abc123,1
http://ups-package-held.info/verify-address,1
http://usps-delivery-alert.xyz/track?parcel=xxx,1
http://irs-tax-refund.gov.phishing.tk/claim,1
http://stimulus-check.us-gov.xyz/apply-now,1
http://crypto-wallet-verify.suspicious.net/login,1
http://binance-security-alert.com.tr/verify,1
http://coinbase-account-locked.phishing.info/unlock,1
http://nft-free-mint.suspicious.xyz/connect-wallet,1
http://metamask-alert.phishing.co/verify-seed,1
https://www.google.com,0
https://www.facebook.com,0
https://www.amazon.com,0
https://www.github.com,0
https://www.microsoft.com,0
https://www.apple.com,0
https://www.twitter.com,0
https://www.linkedin.com,0
https://www.youtube.com,0
https://www.wikipedia.org,0
https://www.reddit.com,0
https://www.netflix.com,0
https://www.stackoverflow.com,0
https://www.python.org,0
https://www.mozilla.org,0
https://www.dropbox.com,0
https://www.adobe.com,0
https://www.spotify.com,0
https://www.paypal.com,0
https://www.ebay.com,0
https://www.instagram.com,0
https://www.whatsapp.com,0
https://www.zoom.us,0
https://www.slack.com,0
https://www.notion.so,0
https://www.figma.com,0
https://www.canva.com,0
https://www.shopify.com,0
https://www.wordpress.com,0
https://www.cloudflare.com,0
https://www.digitalocean.com,0
https://www.heroku.com,0
https://www.vercel.com,0
https://www.netlify.com,0
https://www.twitch.tv,0
https://www.discord.com,0
https://www.medium.com,0
https://www.quora.com,0
https://www.pinterest.com,0
https://www.tumblr.com,0
https://www.bbc.com,0
https://www.cnn.com,0
https://www.nytimes.com,0
https://www.reuters.com,0
https://www.bloomberg.com,0
https://www.forbes.com,0
https://www.techcrunch.com,0
https://www.wired.com,0
https://www.theverge.com,0
https://www.arstechnica.com,0
http://secure-login.paypal.com.phishing-site.tk/login,1
http://www.amazon-security-alert.com/verify-account,1
http://192.168.1.1/paypal/login.php,1
http://appleid.apple.com.verify-account.xyz/login,1
http://secure.bankofamerica.com.phishing.ru/signin,1
http://update-your-info.facebook.com.malicious.tk,1
http://login-verify.microsoft.com.suspicious.co/auth,1
http://www.paypa1.com/secure/login,1
http://account-suspended.netflix.com.fake.site/verify,1
http://ebay-secure-login.com/account/verify?user=victim,1
http://amazon-prize.win/claim-now?ref=email,1
http://google-security-alert.com/verify-identity,1
http://your-package-tracking.com/dhl-delivery?id=xyz,1
http://account.paypal-secure.tk/login?redirect=wallet,1
http://microsoft-support-alert.info/call-now,1
http://secure-update.banklogin.net/chase/login,1
http://verify-now.amazon-deals.ru/account,1
http://facebook-login-secure.com.tr/signin,1
http://apple-id-locked.com/unlock-account,1
http://instagram-verify.suspicious-domain.tk/login,1
http://free-gift-card.win/amazon-voucher?email=test,1
http://covid-relief-fund.xyz/claim-payment?ssn=,1
http://bit.ly/3xph1sh1ng-link-here,1
http://tinyurl.com/phish-capture-data,1
http://login.secure-portal.accountverify.info,1
http://www.chase-secure-alert.com/signin,1
http://wells-fargo-security-verify.com/login,1
http://hsbc-secure-login.phishing.net/auth,1
http://citibank-alert.verify-account.info/login,1
http://steam-free-items.ru/login?ref=gift,1
http://roblox-free-robux.xyz/claim,1
http://discord-nitro-free.suspicious.tk/redeem,1
http://netflix-free-trial.win/signup?cc=required,1
http://update-billing.hulu-account.tk/payment,1
http://amazon-verify-account.login-secure.info,1
http://support-alert.apple-id.suspicious.com/verify,1
http://secure.google.account-verify.ru/signin,1
http://linkedin-verify-identity.phishing.co/login,1
http://twitter-suspended-account.xyz/appeal,1
http://whatsapp-update.malicious.tk/download,1
http://fedex-delivery-failed.com/reschedule?id=abc123,1
http://ups-package-held.info/verify-address,1
http://usps-delivery-alert.xyz/track?parcel=xxx,1
http://irs-tax-refund.gov.phishing.tk/claim,1
http://stimulus-check.us-gov.xyz/apply-now,1
http://crypto-wallet-verify.suspicious.net/login,1
http://binance-security-alert.com.tr/verify,1
http://coinbase-account-locked.phishing.info/unlock,1
http://nft-free-mint.suspicious.xyz/connect-wallet,1
http://metamask-alert.phishing.co/verify-seed,1
